<?xml version="1.0" encoding="utf-8"?>
<ApplicationInstallerManifest>
   <DefaultInstallationDirectory>/Applications/idBee/idBee/</DefaultInstallationDirectory>
   <ApplicationName>idBee</ApplicationName>
   <ExecutableName>application/idBee.exe</ExecutableName>
   <GUID>e6121449-01e7-4ce7-b557-f038cf7abfed</GUID>
   <ApplicationIcon>default_icon_48.png</ApplicationIcon>
   <Logo>default_logo.png</Logo>
   <Version>1.0</Version>
   <AuthorOrganization>idBee</AuthorOrganization>
   <Summary>Bee Identification System</Summary>
   <WelcomePanelText>idBee 1.0
Bee Identification System
Emad Sadeghi
emadsad93@gmail.com</WelcomePanelText>
   <MCRProducts>
      <MCRProduct>
         <ExternalProductIdentifier>35000</ExternalProductIdentifier>
      </MCRProduct>
      <MCRProduct>
         <ExternalProductIdentifier>35001</ExternalProductIdentifier>
      </MCRProduct>
      <MCRProduct>
         <ExternalProductIdentifier>35010</ExternalProductIdentifier>
      </MCRProduct>
   </MCRProducts>
</ApplicationInstallerManifest>